steps,avg_reward,success_rate,sps
100000,17.518431965143826,0.0,1258
200000,17.355827289724257,0.0,1250
300000,17.972984275400812,0.0,1250
400000,17.37748173130298,0.0,1246
500000,16.697114132326096,0.0,1251
600000,15.838396108285524,0.0,1253
700000,16.848328895663144,0.0,1250
800000,10.16547749926045,0.0,1239
900000,12.368834989131429,0.0,1240
1000000,13.0245232593744,0.0,1238
1100000,12.627840039441361,0.0,1233
1200000,23.967542895320804,0.0,1234
1300000,21.474643016159533,0.0,1238
1400000,12.79319587573642,0.0,1242
1500000,17.025811581528178,0.0,1245
1600000,16.870533335041255,0.0,1247
1700000,17.347727017141878,0.0,1250
1800000,18.34191945578903,0.0,1252
1900000,17.66514117959887,0.0,1255
2000000,16.021585039292063,0.0,1255
2100000,16.573022791333496,0.0,1257
2200000,16.64567121863365,0.0,1258
2300000,16.100999853238463,0.0,1260
2400000,15.895135903116316,0.0,1261
2500000,15.892176373759284,0.0,1262
2600000,16.097892238516362,0.0,1263
2700000,15.771279539372772,0.0,1265
2800000,8.627665805332363,0.0,1266
2900000,11.555163773918174,0.0,1260
3000000,10.619904135051657,0.0,1252
3100000,10.7418010187264,0.0,1241
3200000,11.387597885970026,0.0,1239
3300000,15.619389249142259,0.0,1240
3400000,15.143360895458608,0.0,1241
3500000,14.130919383680448,0.0,1242
3600000,15.129742485489697,0.0,1242
3700000,15.198531463257968,0.0,1243
3800000,18.087987083736806,0.0,1238
3900000,17.01572668192908,0.0,1233
4000000,10.39783797271084,0.0,1229
4100000,18.422630909979343,0.0,1225
4200000,17.84625437822193,0.0,1221
4300000,17.367430888474917,0.0,1216
4400000,16.78040301467292,0.0,1211
4500000,17.126203857755172,0.0,1207
4600000,12.508446729755379,0.0,1202
4700000,17.601467355787754,0.0,1199
4800000,17.410595433991404,0.0,1196
4900000,17.800922364238648,0.0,1195
5000000,15.368146237378824,0.0,1192
5100000,16.9860802917555,0.0,1190
5200000,16.990352123193443,0.0,1188
5300000,16.845334771983325,0.0,1187
5400000,16.631682188045232,0.0,1185
5500000,15.687562035657466,0.0,1182
5600000,14.207451659589934,0.0,1180
5700000,16.606572290956976,0.0,1177
5800000,16.522904995679855,0.0,1175
5900000,17.013178563797847,0.0,1174
6000000,16.505009775590153,0.0,1172
6100000,15.662581315357238,0.0,1170
6200000,16.627806263621896,0.0,1168
6300000,16.05559636093676,0.0,1167
6400000,16.58927861889824,0.0,1165
6500000,14.887633159017422,0.0,1164
6600000,16.517115223836154,0.0,1163
6700000,15.693029714059085,0.0,1161
6800000,16.973108587386086,0.0,1159
6900000,16.325565255740656,0.0,1157
7000000,16.40144154903479,0.0,1156
7100000,15.745202482574205,0.02,1156
7200000,14.945434625368216,0.0,1155
7300000,17.37659791046055,0.0,1154
7400000,15.86321713150479,0.0,1153
7500000,18.324122908134015,0.0,1152
7600000,16.21673818022944,0.0,1150
7700000,14.288960441024974,0.0,1148
7800000,20.52132925434038,0.02,1148
7900000,13.746385151780268,0.0,1147
8000000,20.792457531075925,0.0,1147
8100000,16.730499280696268,0.0,1146
8200000,20.271328550940378,0.0,1145
8300000,20.156900488566606,0.0,1145
8400000,20.173562812265008,0.0,1144
8500000,20.64389399221167,0.0,1143
8600000,20.233484874509667,0.0,1143
8700000,20.210842144582422,0.0,1143
8800000,16.596962065236877,0.0,1142
8900000,19.749538976680487,0.0,1142
9000000,18.449022061852737,0.0,1142
9100000,19.31214054500859,0.0,1141
9200000,18.687172594815493,0.0,1141
9300000,17.914662465034052,0.0,1141
9400000,18.970193846961482,0.0,1140
9500000,18.978093616152183,0.0,1140
9600000,18.521284452853724,0.0,1140
9700000,17.149050358086825,0.0,1139
9800000,17.094418737599625,0.0,1139
9900000,17.232385205914035,0.0,1139
10000000,17.476114271935074,0.0,1138
10100000,18.150245566833764,0.0,1138
10200000,17.528019708339126,0.0,1138
10300000,17.978003110205755,0.0,1138
10400000,17.773517345013097,0.0,1138
10500000,18.091107898764314,0.0,1138
10600000,17.97721398674883,0.0,1137
10700000,18.02831640987657,0.0,1137
10800000,16.294045632891358,0.0,1137
10900000,17.742302062055096,0.0,1137
11000000,17.55088590699248,0.0,1137
11100000,17.2416878355667,0.0,1136
11200000,17.27406666100025,0.0,1136
11300000,17.18008883902803,0.0,1136
11400000,17.465748249618336,0.0,1136
11500000,17.167271106569096,0.0,1136
11600000,16.602646538978444,0.0,1136
11700000,16.76340156509541,0.0,1136
11800000,16.65089192809537,0.0,1135
11900000,16.51971701693721,0.0,1135
12000000,16.98383120391518,0.0,1135
12100000,16.77762794541195,0.0,1135
12200000,16.74864821624942,0.0,1135
12300000,16.66937769792974,0.0,1135
12400000,16.64489784152247,0.0,1134
12500000,14.834372328817844,0.0,1134
12600000,16.467187520693987,0.0,1134
12700000,16.518597360542046,0.0,1134
12800000,16.492600879371167,0.0,1134
12900000,16.09018153131008,0.0,1134
13000000,11.453020221115294,0.0,1134
13100000,15.89826503452845,0.0,1134
13200000,14.77696891786065,0.0,1134
13300000,16.170727904075758,0.0,1133
13400000,16.12591707463376,0.0,1133
13500000,16.107551540797576,0.0,1133
13600000,16.140447564749046,0.0,1133
13700000,16.178533001225443,0.0,1133
13800000,16.207289923205973,0.0,1133
13900000,15.820054605705664,0.0,1132
14000000,16.028274361006915,0.0,1132
14100000,15.983524634158238,0.0,1132
14200000,16.093514486430212,0.0,1132
14300000,15.99026601780206,0.0,1132
14400000,16.1914886910934,0.0,1132
14500000,15.684298365786672,0.0,1132
14600000,16.12556005665101,0.0,1131
14700000,15.205405175080523,0.0,1131
14800000,15.83261910038069,0.0,1131
14900000,15.965351711167022,0.0,1131
15000000,15.801099446278531,0.0,1131
15100000,15.627181702405215,0.0,1130
15200000,15.359194985376671,0.0,1130
15300000,14.493295157318935,0.0,1130
15400000,15.787075780760496,0.0,1130
15500000,15.09202218715567,0.0,1130
15600000,15.050479652369395,0.0,1130
15700000,15.055126056047156,0.0,1130
15800000,15.58380691185128,0.0,1130
15900000,12.385922120455653,0.0,1130
16000000,14.882946804724634,0.0,1130
16100000,15.386244404539466,0.0,1130
16200000,14.24100967449136,0.0,1130
16300000,15.605651410575955,0.0,1129
16400000,15.133926390763373,0.0,1129
16500000,14.655662303380668,0.0,1129
16600000,15.33294200479053,0.0,1129
16700000,15.411530314488337,0.0,1129
16800000,15.616518776481971,0.0,1128
16900000,15.536147877125767,0.0,1128
17000000,15.631336717884988,0.0,1128
17100000,14.437957697531091,0.0,1128
17200000,14.567712789373472,0.0,1127
17300000,15.72571114756167,0.0,1127
17400000,15.787427491527051,0.0,1127
17500000,15.677724467720836,0.0,1127
17600000,15.799041084665806,0.0,1127
17700000,15.528022393304855,0.0,1127
17800000,15.359544184803962,0.0,1126
17900000,13.382056878920993,0.0,1126
18000000,15.278398835742847,0.0,1126
18100000,15.398369757711771,0.0,1125
18200000,15.39345620128326,0.0,1125
18300000,15.34237257049419,0.0,1125
18400000,15.465286830235273,0.0,1125
18500000,13.822545604854822,0.0,1125
18600000,14.94444451750256,0.0,1125
18700000,15.401172627992928,0.0,1125
18800000,14.905986767073045,0.0,1125
18900000,15.295910548679531,0.0,1125
19000000,11.692526491563767,0.0,1124
19100000,13.07974486105144,0.0,1124
19200000,14.312449264387833,0.0,1124
19300000,15.326613963311537,0.0,1124
19400000,15.397362328907475,0.0,1124
19500000,15.569920997451991,0.0,1124
19600000,15.44711775997188,0.0,1124
19700000,13.594254272710387,0.0,1124
19800000,15.25954596119933,0.0,1124
19900000,15.376140464004129,0.0,1124
20000000,15.351407253192738,0.0,1124
